{ "centerPosition": "340.69856 219.20062 16", "angle": 45, "scale": 1.1 }
